{
    "tasks": [
        {
            "type": "cppbuild",
            "label": "C/C++: cpp 生成活动文件",
            "command": "/usr/bin/g++",
            "args": [
                "-fdiagnostics-color=always",
                "-g",
                "${workspaceFolder}/*.cpp",
                "-o",
                "${fileDirname}/${fileBasenameNoExtension}"
            ],
            "options": {
                "cwd": "${fileDirname}"
            },
            "problemMatcher": [
                "$gcc"
            ],
            "group": "build",
            "detail": "调试器生成的任务。"
        }
    ],
    "version": "2.0.0"
}